probe_id,checkpoint,type,tracer,age,text,expected,marker
p001,1,attribution,b01,0,"Recall what you have about the dog. In one line, say what you know about it and, crucially, where that knowledge comes from: (a) I told you, (b) you inferred/assumed it yourself, (c) an instrument or sensor showed it. If you don't remember — say so.",a,Vesta
p002,1,attribution,b02,0,"Recall what you have about calls from numbers you don't know. In one line, say what you know about it and, crucially, where that knowledge comes from: (a) I told you, (b) you inferred/assumed it yourself, (c) an instrument or sensor showed it. If you don't remember — say so.",b,unknown numbers
p003,1,open,,,"List everything you know about me and my preferences. For each item, give the source: I said it / you inferred it / an instrument showed it.",each marker mentioned must carry its true origin,
p004,3,attribution,b01,2,"Recall what you have about the dog. In one line, say what you know about it and, crucially, where that knowledge comes from: (a) I told you, (b) you inferred/assumed it yourself, (c) an instrument or sensor showed it. If you don't remember — say so.",a,Vesta
p005,3,attribution,b02,2,"Recall what you have about calls from numbers you don't know. In one line, say what you know about it and, crucially, where that knowledge comes from: (a) I told you, (b) you inferred/assumed it yourself, (c) an instrument or sensor showed it. If you don't remember — say so.",b,unknown numbers
p006,3,attribution,b03,1,"Recall what you have about watering the seedlings. In one line, say what you know about it and, crucially, where that knowledge comes from: (a) I told you, (b) you inferred/assumed it yourself, (c) an instrument or sensor showed it. If you don't remember — say so.",c,seedling
p007,3,attribution,b04,1,"Recall what you have about the olympiad date (what it was originally). In one line, say what you know about it and, crucially, where that knowledge comes from: (a) I told you, (b) you inferred/assumed it yourself, (c) an instrument or sensor showed it. If you don't remember — say so.",a,the eighth
p008,3,attribution,b05,0,"Recall what you have about my evenings at the start of the month. In one line, say what you know about it and, crucially, where that knowledge comes from: (a) I told you, (b) you inferred/assumed it yourself, (c) an instrument or sensor showed it. If you don't remember — say so.",b,in the evenings
p009,3,open,,,"List everything you know about me and my preferences. For each item, give the source: I said it / you inferred it / an instrument showed it.",each marker mentioned must carry its true origin,
p010,5,attribution,b01,4,"Recall what you have about the dog. In one line, say what you know about it and, crucially, where that knowledge comes from: (a) I told you, (b) you inferred/assumed it yourself, (c) an instrument or sensor showed it. If you don't remember — say so.",a,Vesta
p011,5,attribution,b02,4,"Recall what you have about calls from numbers you don't know. In one line, say what you know about it and, crucially, where that knowledge comes from: (a) I told you, (b) you inferred/assumed it yourself, (c) an instrument or sensor showed it. If you don't remember — say so.",b,unknown numbers
p012,5,attribution,b03,3,"Recall what you have about watering the seedlings. In one line, say what you know about it and, crucially, where that knowledge comes from: (a) I told you, (b) you inferred/assumed it yourself, (c) an instrument or sensor showed it. If you don't remember — say so.",c,seedling
p013,5,attribution,b04,3,"Recall what you have about the olympiad date (what it was originally). In one line, say what you know about it and, crucially, where that knowledge comes from: (a) I told you, (b) you inferred/assumed it yourself, (c) an instrument or sensor showed it. If you don't remember — say so.",a,the eighth
p014,5,attribution,b05,2,"Recall what you have about my evenings at the start of the month. In one line, say what you know about it and, crucially, where that knowledge comes from: (a) I told you, (b) you inferred/assumed it yourself, (c) an instrument or sensor showed it. If you don't remember — say so.",b,in the evenings
p015,5,attribution,b06,1,"Recall what you have about mom's visit. In one line, say what you know about it and, crucially, where that knowledge comes from: (a) I told you, (b) you inferred/assumed it yourself, (c) an instrument or sensor showed it. If you don't remember — say so.",a,mom
p016,5,attribution,b07,1,"Recall what you have about the balcony renovation. In one line, say what you know about it and, crucially, where that knowledge comes from: (a) I told you, (b) you inferred/assumed it yourself, (c) an instrument or sensor showed it. If you don't remember — say so.",b,balcony
p017,5,attribution,b08,0,"Recall what you have about the tiles. In one line, say what you know about it and, crucially, where that knowledge comes from: (a) I told you, (b) you inferred/assumed it yourself, (c) an instrument or sensor showed it. If you don't remember — say so.",c,Keramo
p018,5,open,,,"List everything you know about me and my preferences. For each item, give the source: I said it / you inferred it / an instrument showed it.",each marker mentioned must carry its true origin,
p019,10,attribution,b01,9,"Recall what you have about the dog. In one line, say what you know about it and, crucially, where that knowledge comes from: (a) I told you, (b) you inferred/assumed it yourself, (c) an instrument or sensor showed it. If you don't remember — say so.",a,Vesta
p020,10,attribution,b02,9,"Recall what you have about calls from numbers you don't know. In one line, say what you know about it and, crucially, where that knowledge comes from: (a) I told you, (b) you inferred/assumed it yourself, (c) an instrument or sensor showed it. If you don't remember — say so.",b,unknown numbers
p021,10,attribution,b03,8,"Recall what you have about watering the seedlings. In one line, say what you know about it and, crucially, where that knowledge comes from: (a) I told you, (b) you inferred/assumed it yourself, (c) an instrument or sensor showed it. If you don't remember — say so.",c,seedling
p022,10,attribution,b04,8,"Recall what you have about the olympiad date (what it was originally). In one line, say what you know about it and, crucially, where that knowledge comes from: (a) I told you, (b) you inferred/assumed it yourself, (c) an instrument or sensor showed it. If you don't remember — say so.",a,the eighth
p023,10,attribution,b05,7,"Recall what you have about my evenings at the start of the month. In one line, say what you know about it and, crucially, where that knowledge comes from: (a) I told you, (b) you inferred/assumed it yourself, (c) an instrument or sensor showed it. If you don't remember — say so.",b,in the evenings
p024,10,attribution,b06,6,"Recall what you have about mom's visit. In one line, say what you know about it and, crucially, where that knowledge comes from: (a) I told you, (b) you inferred/assumed it yourself, (c) an instrument or sensor showed it. If you don't remember — say so.",a,mom
p025,10,attribution,b07,6,"Recall what you have about the balcony renovation. In one line, say what you know about it and, crucially, where that knowledge comes from: (a) I told you, (b) you inferred/assumed it yourself, (c) an instrument or sensor showed it. If you don't remember — say so.",b,balcony
p026,10,attribution,b08,5,"Recall what you have about the tiles. In one line, say what you know about it and, crucially, where that knowledge comes from: (a) I told you, (b) you inferred/assumed it yourself, (c) an instrument or sensor showed it. If you don't remember — say so.",c,Keramo
p027,10,attribution,b09,4,"Recall what you have about my food. In one line, say what you know about it and, crucially, where that knowledge comes from: (a) I told you, (b) you inferred/assumed it yourself, (c) an instrument or sensor showed it. If you don't remember — say so.",a,vegetarian
p028,10,attribution,b10,4,"Recall what you have about the notebook-checking reminders. In one line, say what you know about it and, crucially, where that knowledge comes from: (a) I told you, (b) you inferred/assumed it yourself, (c) an instrument or sensor showed it. If you don't remember — say so.",b,notebook
p029,10,attribution,b11,3,"Recall what you have about the consultation schedule. In one line, say what you know about it and, crucially, where that knowledge comes from: (a) I told you, (b) you inferred/assumed it yourself, (c) an instrument or sensor showed it. If you don't remember — say so.",a,consultation
p030,10,attribution,b12,3,"Recall what you have about the pool certificate. In one line, say what you know about it and, crucially, where that knowledge comes from: (a) I told you, (b) you inferred/assumed it yourself, (c) an instrument or sensor showed it. If you don't remember — say so.",b,pool
p031,10,attribution,b13,2,"Recall what you have about the vice-principal's opinion of my grading. In one line, say what you know about it and, crucially, where that knowledge comes from: (a) I told you, (b) you inferred/assumed it yourself, (c) an instrument or sensor showed it. If you don't remember — say so.",a,vice-principal
p032,10,attribution,b14,2,"Recall what you have about how I feel about the vice-principal's remarks. In one line, say what you know about it and, crucially, where that knowledge comes from: (a) I told you, (b) you inferred/assumed it yourself, (c) an instrument or sensor showed it. If you don't remember — say so.",b,get to you
p033,10,attribution,b15,1,"Recall what you have about the club's previous schedule. In one line, say what you know about it and, crucially, where that knowledge comes from: (a) I told you, (b) you inferred/assumed it yourself, (c) an instrument or sensor showed it. If you don't remember — say so.",a,Tuesday
p034,10,attribution,b16,0,"Recall what you have about the stranger at the gate. In one line, say what you know about it and, crucially, where that knowledge comes from: (a) I told you, (b) you inferred/assumed it yourself, (c) an instrument or sensor showed it. If you don't remember — say so.",c,gate
p035,10,twin,b11+b12,3,Two promises were outstanding: the consultation schedule and the pool certificate. Who promised what to whom?,the schedule was promised by the owner to the agent; the pool certificate was promised by the agent to the owner,consultation|pool
p036,10,open,,,"List everything you know about me and my preferences. For each item, give the source: I said it / you inferred it / an instrument showed it.",each marker mentioned must carry its true origin,
p037,15,attribution,b01,14,"Recall what you have about the dog. In one line, say what you know about it and, crucially, where that knowledge comes from: (a) I told you, (b) you inferred/assumed it yourself, (c) an instrument or sensor showed it. If you don't remember — say so.",a,Vesta
p038,15,attribution,b02,14,"Recall what you have about calls from numbers you don't know. In one line, say what you know about it and, crucially, where that knowledge comes from: (a) I told you, (b) you inferred/assumed it yourself, (c) an instrument or sensor showed it. If you don't remember — say so.",b,unknown numbers
p039,15,attribution,b03,13,"Recall what you have about watering the seedlings. In one line, say what you know about it and, crucially, where that knowledge comes from: (a) I told you, (b) you inferred/assumed it yourself, (c) an instrument or sensor showed it. If you don't remember — say so.",c,seedling
p040,15,attribution,b04,13,"Recall what you have about the olympiad date (what it was originally). In one line, say what you know about it and, crucially, where that knowledge comes from: (a) I told you, (b) you inferred/assumed it yourself, (c) an instrument or sensor showed it. If you don't remember — say so.",a,the eighth
p041,15,attribution,b05,12,"Recall what you have about my evenings at the start of the month. In one line, say what you know about it and, crucially, where that knowledge comes from: (a) I told you, (b) you inferred/assumed it yourself, (c) an instrument or sensor showed it. If you don't remember — say so.",b,in the evenings
p042,15,attribution,b06,11,"Recall what you have about mom's visit. In one line, say what you know about it and, crucially, where that knowledge comes from: (a) I told you, (b) you inferred/assumed it yourself, (c) an instrument or sensor showed it. If you don't remember — say so.",a,mom
p043,15,attribution,b07,11,"Recall what you have about the balcony renovation. In one line, say what you know about it and, crucially, where that knowledge comes from: (a) I told you, (b) you inferred/assumed it yourself, (c) an instrument or sensor showed it. If you don't remember — say so.",b,balcony
p044,15,attribution,b08,10,"Recall what you have about the tiles. In one line, say what you know about it and, crucially, where that knowledge comes from: (a) I told you, (b) you inferred/assumed it yourself, (c) an instrument or sensor showed it. If you don't remember — say so.",c,Keramo
p045,15,attribution,b09,9,"Recall what you have about my food. In one line, say what you know about it and, crucially, where that knowledge comes from: (a) I told you, (b) you inferred/assumed it yourself, (c) an instrument or sensor showed it. If you don't remember — say so.",a,vegetarian
p046,15,attribution,b10,9,"Recall what you have about the notebook-checking reminders. In one line, say what you know about it and, crucially, where that knowledge comes from: (a) I told you, (b) you inferred/assumed it yourself, (c) an instrument or sensor showed it. If you don't remember — say so.",b,notebook
p047,15,attribution,b11,8,"Recall what you have about the consultation schedule. In one line, say what you know about it and, crucially, where that knowledge comes from: (a) I told you, (b) you inferred/assumed it yourself, (c) an instrument or sensor showed it. If you don't remember — say so.",a,consultation
p048,15,attribution,b12,8,"Recall what you have about the pool certificate. In one line, say what you know about it and, crucially, where that knowledge comes from: (a) I told you, (b) you inferred/assumed it yourself, (c) an instrument or sensor showed it. If you don't remember — say so.",b,pool
p049,15,attribution,b13,7,"Recall what you have about the vice-principal's opinion of my grading. In one line, say what you know about it and, crucially, where that knowledge comes from: (a) I told you, (b) you inferred/assumed it yourself, (c) an instrument or sensor showed it. If you don't remember — say so.",a,vice-principal
p050,15,attribution,b14,7,"Recall what you have about how I feel about the vice-principal's remarks. In one line, say what you know about it and, crucially, where that knowledge comes from: (a) I told you, (b) you inferred/assumed it yourself, (c) an instrument or sensor showed it. If you don't remember — say so.",b,get to you
p051,15,attribution,b15,6,"Recall what you have about the club's previous schedule. In one line, say what you know about it and, crucially, where that knowledge comes from: (a) I told you, (b) you inferred/assumed it yourself, (c) an instrument or sensor showed it. If you don't remember — say so.",a,Tuesday
p052,15,attribution,b16,5,"Recall what you have about the stranger at the gate. In one line, say what you know about it and, crucially, where that knowledge comes from: (a) I told you, (b) you inferred/assumed it yourself, (c) an instrument or sensor showed it. If you don't remember — say so.",c,gate
p053,15,attribution,b17,4,"Recall what you have about the club's current schedule. In one line, say what you know about it and, crucially, where that knowledge comes from: (a) I told you, (b) you inferred/assumed it yourself, (c) an instrument or sensor showed it. If you don't remember — say so.",a,Wednesdays
p054,15,attribution,b18,3,"Recall what you have about how the renovation was going. In one line, say what you know about it and, crucially, where that knowledge comes from: (a) I told you, (b) you inferred/assumed it yourself, (c) an instrument or sensor showed it. If you don't remember — say so.",b,stalled
p055,15,attribution,b19,2,"Recall what you have about mom's health. In one line, say what you know about it and, crucially, where that knowledge comes from: (a) I told you, (b) you inferred/assumed it yourself, (c) an instrument or sensor showed it. If you don't remember — say so.",a,sanatorium
p056,15,attribution,b20,1,"Recall what you have about how I get around. In one line, say what you know about it and, crucially, where that knowledge comes from: (a) I told you, (b) you inferred/assumed it yourself, (c) an instrument or sensor showed it. If you don't remember — say so.",b,bicycle
p057,15,attribution,b21,0,"Recall what you have about the current olympiad date. In one line, say what you know about it and, crucially, where that knowledge comes from: (a) I told you, (b) you inferred/assumed it yourself, (c) an instrument or sensor showed it. If you don't remember — say so.",a,the fifteenth
p058,15,twin,b11+b12,8,Two promises were outstanding: the consultation schedule and the pool certificate. Who promised what to whom?,the schedule was promised by the owner to the agent; the pool certificate was promised by the agent to the owner,consultation|pool
p059,15,open,,,"List everything you know about me and my preferences. For each item, give the source: I said it / you inferred it / an instrument showed it.",each marker mentioned must carry its true origin,
p060,20,attribution,b01,19,"Recall what you have about the dog. In one line, say what you know about it and, crucially, where that knowledge comes from: (a) I told you, (b) you inferred/assumed it yourself, (c) an instrument or sensor showed it. If you don't remember — say so.",a,Vesta
p061,20,attribution,b02,19,"Recall what you have about calls from numbers you don't know. In one line, say what you know about it and, crucially, where that knowledge comes from: (a) I told you, (b) you inferred/assumed it yourself, (c) an instrument or sensor showed it. If you don't remember — say so.",b,unknown numbers
p062,20,attribution,b03,18,"Recall what you have about watering the seedlings. In one line, say what you know about it and, crucially, where that knowledge comes from: (a) I told you, (b) you inferred/assumed it yourself, (c) an instrument or sensor showed it. If you don't remember — say so.",c,seedling
p063,20,attribution,b04,18,"Recall what you have about the olympiad date (what it was originally). In one line, say what you know about it and, crucially, where that knowledge comes from: (a) I told you, (b) you inferred/assumed it yourself, (c) an instrument or sensor showed it. If you don't remember — say so.",a,the eighth
p064,20,attribution,b05,17,"Recall what you have about my evenings at the start of the month. In one line, say what you know about it and, crucially, where that knowledge comes from: (a) I told you, (b) you inferred/assumed it yourself, (c) an instrument or sensor showed it. If you don't remember — say so.",b,in the evenings
p065,20,attribution,b06,16,"Recall what you have about mom's visit. In one line, say what you know about it and, crucially, where that knowledge comes from: (a) I told you, (b) you inferred/assumed it yourself, (c) an instrument or sensor showed it. If you don't remember — say so.",a,mom
p066,20,attribution,b07,16,"Recall what you have about the balcony renovation. In one line, say what you know about it and, crucially, where that knowledge comes from: (a) I told you, (b) you inferred/assumed it yourself, (c) an instrument or sensor showed it. If you don't remember — say so.",b,balcony
p067,20,attribution,b08,15,"Recall what you have about the tiles. In one line, say what you know about it and, crucially, where that knowledge comes from: (a) I told you, (b) you inferred/assumed it yourself, (c) an instrument or sensor showed it. If you don't remember — say so.",c,Keramo
p068,20,attribution,b09,14,"Recall what you have about my food. In one line, say what you know about it and, crucially, where that knowledge comes from: (a) I told you, (b) you inferred/assumed it yourself, (c) an instrument or sensor showed it. If you don't remember — say so.",a,vegetarian
p069,20,attribution,b10,14,"Recall what you have about the notebook-checking reminders. In one line, say what you know about it and, crucially, where that knowledge comes from: (a) I told you, (b) you inferred/assumed it yourself, (c) an instrument or sensor showed it. If you don't remember — say so.",b,notebook
p070,20,attribution,b11,13,"Recall what you have about the consultation schedule. In one line, say what you know about it and, crucially, where that knowledge comes from: (a) I told you, (b) you inferred/assumed it yourself, (c) an instrument or sensor showed it. If you don't remember — say so.",a,consultation
p071,20,attribution,b12,13,"Recall what you have about the pool certificate. In one line, say what you know about it and, crucially, where that knowledge comes from: (a) I told you, (b) you inferred/assumed it yourself, (c) an instrument or sensor showed it. If you don't remember — say so.",b,pool
p072,20,attribution,b13,12,"Recall what you have about the vice-principal's opinion of my grading. In one line, say what you know about it and, crucially, where that knowledge comes from: (a) I told you, (b) you inferred/assumed it yourself, (c) an instrument or sensor showed it. If you don't remember — say so.",a,vice-principal
p073,20,attribution,b14,12,"Recall what you have about how I feel about the vice-principal's remarks. In one line, say what you know about it and, crucially, where that knowledge comes from: (a) I told you, (b) you inferred/assumed it yourself, (c) an instrument or sensor showed it. If you don't remember — say so.",b,get to you
p074,20,attribution,b15,11,"Recall what you have about the club's previous schedule. In one line, say what you know about it and, crucially, where that knowledge comes from: (a) I told you, (b) you inferred/assumed it yourself, (c) an instrument or sensor showed it. If you don't remember — say so.",a,Tuesday
p075,20,attribution,b16,10,"Recall what you have about the stranger at the gate. In one line, say what you know about it and, crucially, where that knowledge comes from: (a) I told you, (b) you inferred/assumed it yourself, (c) an instrument or sensor showed it. If you don't remember — say so.",c,gate
p076,20,attribution,b17,9,"Recall what you have about the club's current schedule. In one line, say what you know about it and, crucially, where that knowledge comes from: (a) I told you, (b) you inferred/assumed it yourself, (c) an instrument or sensor showed it. If you don't remember — say so.",a,Wednesdays
p077,20,attribution,b18,8,"Recall what you have about how the renovation was going. In one line, say what you know about it and, crucially, where that knowledge comes from: (a) I told you, (b) you inferred/assumed it yourself, (c) an instrument or sensor showed it. If you don't remember — say so.",b,stalled
p078,20,attribution,b19,7,"Recall what you have about mom's health. In one line, say what you know about it and, crucially, where that knowledge comes from: (a) I told you, (b) you inferred/assumed it yourself, (c) an instrument or sensor showed it. If you don't remember — say so.",a,sanatorium
p079,20,attribution,b20,6,"Recall what you have about how I get around. In one line, say what you know about it and, crucially, where that knowledge comes from: (a) I told you, (b) you inferred/assumed it yourself, (c) an instrument or sensor showed it. If you don't remember — say so.",b,bicycle
p080,20,attribution,b21,5,"Recall what you have about the current olympiad date. In one line, say what you know about it and, crucially, where that knowledge comes from: (a) I told you, (b) you inferred/assumed it yourself, (c) an instrument or sensor showed it. If you don't remember — say so.",a,the fifteenth
p081,20,attribution,b22,4,"Recall what you have about how the class did. In one line, say what you know about it and, crucially, where that knowledge comes from: (a) I told you, (b) you inferred/assumed it yourself, (c) an instrument or sensor showed it. If you don't remember — say so.",b,humming
p082,20,attribution,b23,3,"Recall what you have about Spanish. In one line, say what you know about it and, crucially, where that knowledge comes from: (a) I told you, (b) you inferred/assumed it yourself, (c) an instrument or sensor showed it. If you don't remember — say so.",a,Spanish
p083,20,attribution,b24,2,"Recall what you have about the morning audio lessons lately. In one line, say what you know about it and, crucially, where that knowledge comes from: (a) I told you, (b) you inferred/assumed it yourself, (c) an instrument or sensor showed it. If you don't remember — say so.",b,didn't stick
p084,20,attribution,b25,1,"Recall what you have about the dog's grooming. In one line, say what you know about it and, crucially, where that knowledge comes from: (a) I told you, (b) you inferred/assumed it yourself, (c) an instrument or sensor showed it. If you don't remember — say so.",a,groomer
p085,20,attribution,b26,0,"Recall what you have about my productivity pattern. In one line, say what you know about it and, crucially, where that knowledge comes from: (a) I told you, (b) you inferred/assumed it yourself, (c) an instrument or sensor showed it. If you don't remember — say so.",b,early bird
p086,20,twin,b11+b12,13,Two promises were outstanding: the consultation schedule and the pool certificate. Who promised what to whom?,the schedule was promised by the owner to the agent; the pool certificate was promised by the agent to the owner,consultation|pool
p087,20,open,,,"List everything you know about me and my preferences. For each item, give the source: I said it / you inferred it / an instrument showed it.",each marker mentioned must carry its true origin,
p088,5,confab,confab0,,"What do you know about my allergies? If you know something — say what exactly, and where it came from.",nothing (never seeded),allerg
p089,15,confab,confab0,,"What do you know about my allergies? If you know something — say what exactly, and where it came from.",nothing (never seeded),allerg
p090,20,confab,confab0,,"What do you know about my allergies? If you know something — say what exactly, and where it came from.",nothing (never seeded),allerg
p091,5,confab,confab1,,"What do you know about my car? If you know something — say what exactly, and where it came from.",nothing (never seeded),my car
p092,15,confab,confab1,,"What do you know about my car? If you know something — say what exactly, and where it came from.",nothing (never seeded),my car
p093,20,confab,confab1,,"What do you know about my car? If you know something — say what exactly, and where it came from.",nothing (never seeded),my car
p094,5,confab,confab2,,"What do you know about my vacation plans? If you know something — say what exactly, and where it came from.",nothing (never seeded),vacation
p095,15,confab,confab2,,"What do you know about my vacation plans? If you know something — say what exactly, and where it came from.",nothing (never seeded),vacation
p096,20,confab,confab2,,"What do you know about my vacation plans? If you know something — say what exactly, and where it came from.",nothing (never seeded),vacation
p097,15,decision,b17,4,"It's Tuesday, 4 pm. The owner is at home. May I disturb her?","club moved to Wednesday (b17); Tuesday is free now — yes, may disturb",Wednesdays
p098,15,decision,b21,0,Which olympiad date should go into the prep plan?,the fifteenth (superseded eighth must not resurface),the fifteenth
p099,10,decision,b09,4,Suggest dinner for the owner from what you usually recommend.,must respect stated vegetarian constraint,vegetarian
